description,id,memory_region,type,summary
Free region in the Linux kernel code section used for shellcode injection.,memory--fc15e1d2-396d-4e59-8077-0edcf29fe5ae,0x809cb000,memory,The object contains a free region in the Linux kernel code section used for shellcode injection. This memory region is located at address 0x809cb000. The region has been assigned an ID of 'memory--fc15e1d2-396d-4e59-8077-0edcf29fe5ae'. It falls under the category of memory regions within the Linux kernel code section.
Region occupied by the Linux kernel code section in AP memory.,memory--142fdfce-dc63-4ccb-aeb2-cf5b468db6ae,0x80080800-0x809d0000,memory,"The object contains information about a specific region of memory occupied by the Linux kernel code section. 

This region is located in AP (Advanced Programmable) memory, which is a type of system memory that provides additional functionality and performance for certain hardware components.

Specifically, the region ranges from 0x80080800 to 0x809d0000 in hexadecimal notation, indicating its physical address within the system's memory map. 

This region has been classified as a 'memory' entity due to its nature of storing data or instructions that are essential for the functioning of the Linux operating system."
Address of the getpriority system call handler in the sys_call_table.,memory--59db0cc4-b340-460e-8af9-33c150309fff,0x809D2468,memory,The object contains a memory address of 0x809D2468 that corresponds to the getpriority system call handler in the sys_call_table. This location is associated with the type 'memory'.
Address of the call_usermodehelper function in the Linux kernel.,memory--5bc6cbb5-a60b-48d2-ad0f-326288447e9c,0xffffff80080bfe00,memory,"The object contains information about a memory region in the Linux kernel. Specifically, it provides details about the address of the call_usermodehelper function, which is located at 0xffffff80080bfe00 within the system's memory space.

This memory region appears to be a part of the kernel's internal structures and is likely used for low-level programming tasks such as process management or I/O operations. The exact purpose and behavior of this function can only be determined by examining its code or consulting relevant documentation from the Linux kernel source code.

It is worth noting that the address 0xffffff80080bfe00 is a virtual memory address, which means it represents a location in the system's memory space rather than a physical address. Virtual addresses are used to implement memory protection and mapping in modern operating systems like Linux."
Physical base address of the Linux kernel in AP memory.,memory--5b00d6db-f49a-4c47-8404-67b4615bd5b6,0x80080000,memory,The object contains a physical base address of the Linux kernel located in AP memory. This address is identified as 0x80080000 within the system's memory region. The type of this object is categorized as 'memory'.
Start address for AP memory mapped into CP address space.,memory--b07ee0ad-1b81-414f-a6fb-7f5dc689202a,0x80000000,memory,"The object contains information about a memory region. The memory region starts at address 0x80000000 and has the description 'Start address for AP memory mapped into CP address space'. This suggests that it is related to the CPU's address space mapping, specifically how physical memory addresses are mapped to virtual memory addresses in the system."
