summary,id,type
"The object contains information about a phishing attack technique known as Spearphishing Attachment. Attackers use targeted phishing emails to gain initial access, utilizing malicious attachments that contain executable files, such as DLLs and LNK files, as well as decoy PDFs, in order to trick victims into opening them.",attack-pattern--57868880-0347-4ec8-b4ea-a7e87631c53d,attack-pattern
"The object contains information about a specific attack pattern identified by the term 'User Execution: Malicious File'. This attack pattern involves victims being required to unpack an archive and execute an EXE or LNK file, which initiates the compromise process. The external references provided include data from MITRE ATT&CK, a reputable source for threat intelligence.

Specifically, the technique associated with this attack pattern is T1204/002, which can be found on the MITRE ATT&CK website at https://attack.mitre.org/techniques/T1204/002. This suggests that the 'User Execution: Malicious File' attack pattern shares similarities with other tactics and techniques identified by this organization.

Overall, the 'User Execution: Malicious File' attack pattern is designed to exploit human behavior, requiring victims to perform a specific action (unpacking an archive and executing a file) in order to initiate a compromise process.",attack-pattern--12e50bc2-bfda-405b-8f2e-07c0f90e4081,attack-pattern
"The object contains information about an attack pattern known as Component Object Model Hijacking. This attack pattern is used by attackers to achieve persistence on a compromised system, and they do so by registering malicious Dynamic Link Librarys (DLLs) under specific Class Identifiers (CLSIDs in the Windows registry. The use of COM hijacking allows the attackers to create malicious DLLs that can run in the context of legitimate applications, thereby bypassing security controls and allowing them to maintain a presence on the system.

According to external references, this attack pattern is documented by MITRE ATT&CK, a known threat intelligence framework used by cybersecurity professionals. The reference provides additional information about the technique, including its classification as T1546/015.",attack-pattern--3f6023fa-6efe-423f-b67d-3d999bb82d2f,attack-pattern
"The object contains information about an attack pattern known as DLL Side-Loading. Attackers use this technique to execute malicious code by loading a malicious DLL through a legitimate executable. This method allows attackers to bypass certain security measures and inject malicious code into the system.

The external references provided for this attack pattern include data from MITRE ATT&CK, a widely recognized source of threat intelligence and analysis. The specific reference is T1574.002, which provides more detailed information about this technique.

This attack pattern is categorized as a type of attack-pattern, indicating that it is a common method used by attackers to gain unauthorized access to systems or execute malicious code.",attack-pattern--5bdc1068-f240-4070-822e-37a3c273a1bd,attack-pattern
"The object contains information about an attack pattern categorized under the term 'Obfuscated Files or Information'. This type of attack involves attackers employing various techniques to obscure code and configuration data, including Base36 encoding, Base64 encoding, RC4 encryption, and VMProtect packing. The external references provided include a link from MITRE ATT&CK, specifically referencing technique T1027.",attack-pattern--b71f6a79-bb78-4b3d-9c68-ddae983172ba,attack-pattern
"The object contains information about an attack pattern named Application Layer Protocol: DNS. This attack pattern is associated with the TunnelRAT malware, which uses DNS tunneling for command and control (C2) communication, including the generation and encoding of custom domains. The technique used by TunnelRAT has been documented in the MITRE ATT&CK framework, where it corresponds to the identifier T1071.004.",attack-pattern--82ebd5d2-ad7b-4a37-9356-f0bd26425903,attack-pattern
"The object contains information about a specific malware attack pattern, specifically an application layer protocol that utilizes web protocols. This type of communication is achieved through the use of HTTPS and HTTP for Command and Control (C2) communication. The malware attack pattern has been referenced by MITRE ATT&CK, a reputable organization in the field of threat intelligence, with the specific technique being T1071.001.",attack-pattern--cab946a0-c0b9-471a-9214-2b92e9de0c40,attack-pattern
"The object contains information about an attack pattern identified as 'Web Service: Bidirectional Communication'. This attack pattern involves the use of Telegram Bot API for bidirectional communication, indicating a sophisticated level of interaction between the attacker and their victim. Furthermore, this specific attack pattern has been classified under Technique T1102.002 in the MITRE ATT&CK framework, which highlights its relevance to authorized software interaction techniques used by attackers.

In more detail, the use of Telegram Bot API for bidirectional communication suggests a high degree of control and coordination between the attacker and their malware or toolset. This allows for the exchange of information between the attacker's command and control (C2) server and the compromised system, enabling real-time updates and instructions to be executed by the malware.

Overall, this attack pattern highlights the importance of monitoring and detecting suspicious communication patterns involving Telegram Bot API, as it can be indicative of advanced threat actor activities.",attack-pattern--9841c958-7e2b-40f8-bd0f-e693c621b22f,attack-pattern
"The object contains information about a malicious attack pattern known as File and Directory Discovery. This attack pattern involves malware collecting information about files and directories on the compromised host, allowing the attacker to gather valuable data for further exploitation.

The attack pattern is documented by external references, including MITRE ATT&CK, which provides a detailed description of the technique used in this attack pattern. According to MITRE ATT&CK, this technique is listed as T1083 and can be found at https://attack.mitre.org/techniques/T1083.",attack-pattern--d9ecf559-728f-4b13-b4a5-c5768bcd0e84,attack-pattern
"The object contains information about an attack pattern called System Information Discovery. This type of attack involves collecting sensitive system information, including domain name, computer name, username, and IP addresses, which can be used to gain unauthorized access or create a profile of the victim's network.

The external references provided for this attack pattern include data from MITRE ATT&CK, a threat intelligence platform that documents and categorizes various types of cyber attacks. According to the MITRE ATT&CK database, T1082 is the specific technique associated with System Information Discovery.

By collecting this information, attackers can potentially gain a foothold on the network, gather intelligence about the victim's organization, or even use the credentials and other details obtained during the attack to launch further malicious activities.",attack-pattern--f01608d8-5563-4ee6-a5a8-ed0f86e8e274,attack-pattern
"The object contains information about an attack pattern called ""Exfiltration Over C2 Channel"". This attack pattern involves the use of malicious software, specifically TunnelRAT and EmojiRAT, to exfiltrate data over their communication channels with attackers. The external reference provided by MITRE ATT&CK (https://attack.mitre.org/techniques/T1041) supports this information.

The attack pattern is categorized under a type which likely refers to the method or technique used in this attack. The description further provides context on how this attack works, indicating that the malicious software exfiltrates data over their C2 channels.

In summary, the ""Exfiltration Over C2 Channel"" attack pattern involves using malware to transfer data between the compromised system and an attacker's server via the communication channel established by the malware.",attack-pattern--00024bda-b7b1-463d-9812-620a8019a4b2,attack-pattern
"The object contains information about an attack pattern categorized as ""Data Encoding: Non-Standard Encoding"". This attack pattern involves EmojiRAT encoding data using a custom emoji symbol table for communication. The technique is described and referenced by MITRE ATT&CK in their database, specifically identified as T1132.002.",attack-pattern--54eb2f35-b01c-4c29-bbc8-244a91763be6,attack-pattern
"The object contains information about an attack pattern titled 'Data Encoding: Standard Encoding'. According to the data, this attack pattern involves encoding data using Base36 by TunnelRAT, while the SSF client uses Base64 encoding for its configuration data. This technique is listed as a relevant external reference from MITRE ATT&CK, which attributes it to technique T1132/001.",attack-pattern--4ca200fa-125e-4404-a98e-e791c2616896,attack-pattern
"The object contains an attack pattern described as ""Hide Artifacts: Hidden Files and Directories"". This attack pattern involves attackers setting the 'hidden' attribute for loader DLL files to evade detection. The technique is documented by MITRE ATT&CK, a reputable source of threat intelligence, with a reference URL provided at https://attack.mitre.org/techniques/T1564/001.",attack-pattern--c2435468-2db0-4c26-9977-8dd7ffa17652,attack-pattern
"The object contains information about an attack pattern identified as ""Hijack Execution Flow: DLL"". This attack pattern involves attackers utilizing DLL side-loading to hijack the execution flow of legitimate executables. The technique used is described as DLL side-loading, which allows attackers to inject malicious code into a legitimate executable, thereby gaining control over its execution flow.

The object provides an external reference to a reputable source, specifically MITRE ATT&CK, which has categorized this attack pattern under the technique T1574.002. This categorization suggests that DLL side-loading is considered a sophisticated and potentially effective method for hijacking execution flows in this context.

It's worth noting that the provided metadata fields such as timestamps and IDs have been ignored according to your request. The object contains only the essential information related to the attack pattern, including its name, type, and description.",attack-pattern--9a5e6953-2e33-4db7-bedc-ef0eb739fc0d,attack-pattern
"The object contains information about an attack pattern identified as ""Virtualization/Sandbox Evasion: System Checks"". This type of attack pattern is designed to evade analysis by loading and reconnaissance malware that checks for specific substrings in the USERDOMAIN environment variable. The malware aims to avoid detection by sandbox solutions and security tools, which typically rely on analyzing system calls or API requests to identify malicious activity.

The attack pattern is linked to external references from MITRE ATT&CK, a widely recognized threat intelligence platform. According to these references, this specific technique (T1497.001) is categorized as part of the overall Virtualization/Sandbox Evasion technique family. The object does not provide any additional details about the actual malware or its behavior, but rather serves as an alert for security professionals and researchers to be aware of such tactics used by attackers.",attack-pattern--c243595f-9271-44ab-b9ef-072970511a17,attack-pattern
"The object contains information about an attack pattern named ""Indicator Removal: File Deletion"". This attack pattern involves a loader's second stage checking for specific command-line arguments, which triggers its own deletion. The purpose of this action is to remove potential indicators or evidence of the attacker's presence.

According to external references, this technique is documented by MITRE ATT&CK as T1070/004, and can be found at https://attack.mitre.org/techniques/T1070/004. 

Overall, the attack pattern ""Indicator Removal: File Deletion"" highlights a sophisticated tactic used by attackers to conceal their tracks, making it challenging for defenders to identify malicious activity.",attack-pattern--f445f909-3995-4bfe-950d-61b22b95303e,attack-pattern
"The object contains information about an attack pattern identified as 'Indicator Removal: Clear Persistence'. This attack pattern is categorized under the type 'attack-pattern' and has a unique name that describes its purpose. According to its description, this second-stage loader checks for command-line arguments and removes COM object registry values used for persistence, effectively clearing any persistent indicators left behind by the malware.

The attack pattern also contains an external reference to the MITRE ATT&CK technique T1070.006, which provides additional context about the relevance of this technique in relation to the current attack pattern.",attack-pattern--518e0118-690b-4113-9e8f-364b1c3b36f7,attack-pattern
"The object contains information about an attack pattern named ""Dynamic Resolution: Domain Generation Algorithms"". This attack pattern utilizes custom algorithms to generate domains for DNS-based communication between command and control (C2) channels. The technique employed by this attack pattern is referred to as TunnelRAT, which specifically leverages the use of custom algorithms in order to create new domain names for its C2 functions.",attack-pattern--229e5a27-421e-41c7-b6e0-a5c58f8e33ae,attack-pattern
"The object contains information about an attack pattern titled ""Encrypted Channel: Asymmetric Cryptography"". This attack pattern involves the use of modified SSF client software that utilizes Transport Layer Security (TLS) for encrypted communication channels, specifically C2 channels. The technique is documented in the MITRE ATT&CK framework, where it corresponds to technique ID T1040.

The description provided by the MITRE ATT&CK organization explains the details of this attack pattern.",attack-pattern--0f77c52b-487e-496f-9874-806ff2236cbe,attack-pattern
"The object contains information about an attack pattern, specifically a type of proxy attack. The description states that the Modified SSF client has been modified to enable SOCKS proxy functionality for attackers, which is a malicious modification intended to facilitate the execution of attacks.

This attack pattern is categorized as T1090/002 in the MITRE ATT&CK framework, indicating that it falls under a broader technique designed to use proxy servers for lateral movement and privilege escalation. The presence of this modified client suggests that an attacker may be attempting to establish unauthorized access or exfiltrate sensitive data through the compromised system.

Overall, the attack pattern ""Proxy"" highlights the importance of monitoring and securing client applications, particularly those with proxy functionality, to prevent similar malicious modifications from being exploited by attackers.",attack-pattern--a275072f-9384-497a-88c5-b3a4fe0dc3dc,attack-pattern
"The object contains information about an attack pattern known as ""Ingress Tool Transfer"". This attack pattern involves the use of malicious tools, specifically TunnelRAT and EmojiRAT, to upload files to a compromised host. The tools are used for the purpose of transferring tools into the compromised system, allowing the attacker to maintain access and carry out further malicious activities.

The attack pattern is also documented in external sources, including MITRE ATT&CK, which provides detailed information on the technique T1105. This technique is described as the transfer of ingressed tool usage indicators between a command and control server and a compromised host.

Overall, the ""Ingress Tool Transfer"" attack pattern highlights the importance of monitoring system activity for suspicious tool transfers, which can be an indicator of ongoing malicious activity.",attack-pattern--4a8b195f-add7-4d30-ad37-8cd1a95491a4,attack-pattern
